2677,2007-11-27,2007-12-11
2675,2007-11-27,2007-11-28
2669,2007-10-23,2007-11-08
2667,2007-10-23,2007-11-30
2666,2007-10-19,2007-11-08
2650,2007-09-10,2007-09-12
2647,2007-09-05,2007-11-08
2641,2007-08-28,2007-11-08
2636,2007-08-21,2007-09-11
2633,2007-08-15,2007-09-06
2626,2007-08-08,2007-10-15
2612,2007-07-19,2007-12-11
2611,2007-07-19,2007-07-26
2608,2007-07-09,2007-07-26
2605,2007-07-02,2007-07-06
2603,2007-06-28,2007-06-29
2599,2007-06-25,2007-10-05
2597,2007-06-22,2007-12-12
2596,2007-06-21,2007-06-22
2595,2007-06-20,2007-06-22
2592,2007-06-19,2007-07-18
2587,2007-06-07,2007-06-20
2586,2007-06-07,2007-06-22
2585,2007-06-07,2007-07-26
2584,2007-06-07,2007-06-08
2582,2007-05-29,2007-06-22
2579,2007-05-23,2007-06-07
2577,2007-05-17,2007-07-18
2576,2007-05-16,2007-06-06
2575,2007-05-16,2007-06-06
2574,2007-05-15,2007-06-04
2573,2007-05-13,2007-05-16
2572,2007-05-11,2007-05-16
2571,2007-05-09,2007-06-07
2568,2007-05-04,2007-05-24
2567,2007-05-04,2007-06-21
2566,2007-05-03,2007-07-25
2565,2007-04-30,2007-05-16
2562,2007-04-26,2007-04-26
2560,2007-04-18,2007-05-29
2558,2007-04-16,2007-04-17
2554,2007-04-15,2007-04-17
2552,2007-04-11,2007-04-20
2547,2007-04-08,2007-04-25
2546,2007-04-06,2007-04-20
2545,2007-04-04,2007-04-28
2544,2007-04-01,2007-04-06
2542,2007-03-28,2007-04-06
2541,2007-03-28,2007-04-03
2540,2007-03-26,2007-04-11
2539,2007-03-23,2007-03-26
2538,2007-03-22,2007-04-06
2537,2007-03-22,2007-04-23
2536,2007-03-22,2007-09-07
2534,2007-03-21,2007-04-11
2533,2007-03-21,2007-04-03
2531,2007-03-20,2007-04-25
2530,2007-03-19,2007-03-20
2529,2007-03-15,2007-04-06
2528,2007-03-14,2007-04-20
2524,2007-03-13,2007-04-17
2522,2007-03-13,2007-03-28
2521,2007-03-13,2007-03-28
2520,2007-03-12,2007-04-06
2519,2007-03-12,2007-03-23
2518,2007-03-12,2007-04-26
2517,2007-03-07,2007-04-23
2515,2007-03-07,2007-04-20
2514,2007-03-06,2007-03-09
2513,2007-03-05,2007-04-25
2512,2007-03-05,2007-06-05
2511,2007-03-04,2007-03-28
2509,2007-03-02,2007-05-29
2507,2007-03-01,2007-03-09
2505,2007-02-28,2007-07-02
2504,2007-02-28,2007-04-25
2500,2007-02-27,2007-03-09
2499,2007-02-23,2007-07-24
2492,2007-02-13,2007-03-09
2490,2007-02-07,2007-02-08
2489,2007-02-02,2007-02-06
2488,2007-02-01,2007-02-06
2487,2007-01-31,2007-06-22
2485,2007-01-29,2007-01-29
2483,2007-01-28,2007-04-20
2482,2007-01-28,2007-04-20
2481,2007-01-23,2007-01-23
2478,2007-01-22,2007-03-16
2476,2007-01-21,2007-01-25
2475,2007-01-19,2007-12-11
2474,2007-01-19,2007-12-11
2473,2007-01-18,2007-01-25
2471,2007-01-16,2007-01-23
2470,2007-01-15,2007-07-25
2469,2007-01-11,2007-01-16
2468,2007-01-11,2007-01-29
2465,2007-01-07,2007-02-02
2464,2007-01-05,2007-01-16
2463,2007-01-04,2007-07-19
2461,2007-01-01,2007-02-08
2458,2006-12-26,2007-01-15
2457,2006-12-26,2006-12-30
2456,2006-12-25,2007-04-17
2455,2006-12-25,2007-01-23
2453,2006-12-24,2007-04-17
2451,2006-12-22,2007-01-05
2450,2006-12-17,2007-01-07
2449,2006-12-17,2006-12-26
2448,2006-12-16,2007-04-03
2447,2006-12-14,2007-01-16
2446,2006-12-13,2007-06-20
2445,2006-12-09,2006-12-30
2444,2006-12-08,2006-12-15
2442,2006-12-07,2006-12-18
2441,2006-12-07,2006-12-30
2440,2006-12-07,2006-12-15
2439,2006-12-06,2007-01-05
2434,2006-12-03,2007-01-16
2433,2006-11-30,2006-12-04
2432,2006-11-30,2007-01-15
2431,2006-11-29,2006-12-15
2430,2006-11-27,2007-02-06
2429,2006-11-27,2007-03-09
2421,2006-11-24,2007-07-02
2420,2006-11-24,2007-03-09
2413,2006-11-21,2006-12-03
2410,2006-11-15,2006-12-05
2399,2006-11-14,2006-12-03
2395,2006-11-14,2006-12-05
2390,2006-11-10,2006-12-02
2389,2006-11-09,2006-12-05
2388,2006-11-08,2007-12-11
2380,2006-11-04,2007-06-08
2377,2006-11-01,2007-03-30
2373,2006-10-30,2007-06-22
2369,2006-10-28,2006-12-15
2368,2006-10-26,2006-10-26
2367,2006-10-23,2006-11-01
2364,2006-10-17,2006-10-18
2363,2006-10-17,2006-10-25
2361,2006-10-16,2006-10-27
2358,2006-10-11,2006-10-16
2357,2006-10-07,2006-10-09
2355,2006-10-06,2007-09-03
2354,2006-10-06,2007-01-23
2352,2006-10-04,2006-10-16
2351,2006-10-03,2006-10-09
2348,2006-09-29,2007-06-11
2347,2006-09-28,2006-10-04
2346,2006-09-28,2006-12-05
2345,2006-09-27,2006-10-13
2344,2006-09-27,2006-10-05
2343,2006-09-26,2006-09-26
2339,2006-09-25,2006-10-05
2337,2006-09-25,2007-06-11
2334,2006-09-21,2006-09-25
2333,2006-09-18,2006-10-04
2332,2006-09-15,2007-01-17
2331,2006-09-15,2007-07-19
2329,2006-09-13,2007-06-28
2328,2006-09-12,2006-10-04
2327,2006-09-08,2007-04-12
2326,2006-09-06,2006-11-15
2325,2006-09-05,2006-10-04
2324,2006-09-05,2006-09-05
2323,2006-09-05,2006-10-06
2322,2006-09-01,2006-09-05
2321,2006-08-31,2007-06-21
2320,2006-08-29,2007-04-12
2319,2006-08-28,2006-12-08
2316,2006-08-24,2006-08-30
2313,2006-08-22,2006-09-06
2312,2006-08-22,2006-12-02
2311,2006-08-22,2006-09-06
2310,2006-08-21,2006-10-04
2308,2006-08-16,2006-09-25
2305,2006-08-09,2007-07-25
2304,2006-08-08,2006-09-25
2300,2006-08-08,2006-11-15
2299,2006-08-08,2006-08-10
2298,2006-08-07,2007-04-13
2296,2006-08-05,2006-09-26
2295,2006-08-03,2006-11-27
2294,2006-08-02,2006-12-05
2291,2006-07-27,2007-07-24
2290,2006-07-26,2007-01-17
2288,2006-07-21,2006-10-06
2287,2006-07-21,2007-01-05
2285,2006-07-19,2006-08-05
2283,2006-07-12,2006-07-28
2282,2006-07-10,2006-07-21
2281,2006-07-10,2006-12-02
2279,2006-07-06,2007-07-19
2278,2006-07-06,2007-06-21
2275,2006-07-02,2007-07-05
2271,2006-06-24,2006-07-03
2268,2006-06-21,2007-08-17
2263,2006-06-14,2006-06-19
2262,2006-06-12,2007-01-05
2256,2006-06-01,2007-06-07
2254,2006-05-30,2007-04-13
2253,2006-05-30,2007-12-11
2251,2006-05-26,2007-01-05
2250,2006-05-26,2006-05-31
2248,2006-05-25,2006-12-05
2245,2006-05-18,2006-06-06
2244,2006-05-16,2006-05-30
2243,2006-05-16,2007-12-18
2239,2006-05-09,2007-06-07
2237,2006-05-08,2006-10-16
2230,2006-05-04,2007-06-07
2229,2006-05-03,2007-06-07
2227,2006-05-02,2007-03-12
2224,2006-04-26,2006-05-08
2223,2006-04-26,2007-04-23
2216,2006-04-19,2007-07-25
2210,2006-04-13,2007-04-17
2208,2006-04-13,2006-04-18
2206,2006-04-12,2007-12-12
2204,2006-04-12,2007-06-22
2200,2006-04-11,2007-02-06
2195,2006-04-07,2007-07-25
2194,2006-04-06,2007-12-11
2193,2006-04-06,2007-04-03
2192,2006-04-05,2007-12-11
2191,2006-04-05,2007-03-12
2189,2006-03-31,2007-07-30
2188,2006-03-30,2006-04-18
2187,2006-03-30,2007-04-13
2186,2006-03-27,2006-12-07
2184,2006-03-24,2006-03-31
2175,2006-03-13,2006-03-22
2173,2006-03-08,2006-06-19
2172,2006-03-08,2006-03-15
2171,2006-03-08,2006-03-15
2170,2006-03-08,2007-07-16
2169,2006-03-08,2006-03-15
2168,2006-03-08,2007-07-05
2167,2006-03-07,2006-05-05
2166,2006-03-06,2006-06-19
2165,2006-03-06,2007-04-26
2163,2006-03-02,2007-12-11
2159,2006-02-27,2006-06-19
2157,2006-02-26,2007-04-12
2156,2006-02-25,2006-11-16
2150,2006-02-22,2006-02-24
2147,2006-02-22,2006-03-03
2146,2006-02-22,2007-07-25
2144,2006-02-21,2006-02-22
2141,2006-02-20,2006-02-24
2139,2006-02-18,2006-02-22
2138,2006-02-18,2006-02-20
2137,2006-02-17,2006-02-20
2136,2006-02-16,2006-02-24
2134,2006-02-13,2006-02-24
2133,2006-02-13,2006-02-24
2132,2006-02-13,2006-02-15
2131,2006-02-10,2006-02-24
2130,2006-02-10,2006-02-24
2127,2006-02-08,2007-04-12
2126,2006-02-07,2006-02-24
2124,2006-02-07,2006-02-24
2121,2006-02-03,2006-02-15
2120,2006-02-02,2006-02-24
2119,2006-02-02,2006-02-22
2118,2006-02-02,2006-02-24
2117,2006-02-01,2006-10-29
2116,2006-02-01,2006-10-29
2113,2006-01-31,2006-02-15
2112,2006-01-31,2006-02-22
2111,2006-01-31,2006-02-15
2110,2006-01-31,2006-02-24
2109,2006-01-31,2006-02-24
2108,2006-01-30,2006-02-24
2107,2006-01-28,2006-03-04
2104,2006-01-27,2006-02-24
2102,2006-01-26,2006-02-01
2100,2006-01-24,2006-02-24
2098,2006-01-22,2006-01-25
2097,2006-01-20,2006-01-26
2096,2006-01-20,2006-05-08
2095,2006-01-18,2007-04-12
2094,2006-01-17,2006-03-04
2092,2006-01-14,2006-01-20
2091,2006-01-12,2006-01-22
2088,2006-01-08,2006-01-12
2087,2006-01-08,2006-02-23
2084,2006-01-06,2006-01-12
2083,2006-01-04,2006-01-05
2082,2006-01-04,2006-01-06
2081,2006-01-03,2006-01-05
2080,2006-01-02,2006-01-06
2078,2005-12-27,2006-01-09
2076,2005-12-26,2006-01-05
2074,2005-12-22,2005-12-29
2072,2005-12-20,2005-12-20
2071,2005-12-19,2005-12-20
2070,2005-12-19,2006-01-22
2069,2005-12-15,2005-12-16
2068,2005-12-15,2005-12-20
2067,2005-12-15,2005-12-29
2065,2005-12-13,2005-12-20
2064,2005-12-12,2007-07-03
2063,2005-12-12,2005-12-14
2061,2005-12-08,2005-12-17
2059,2005-12-06,2005-12-15
2058,2005-12-06,2005-12-14
2057,2005-12-04,2005-12-08
2056,2005-12-02,2006-01-09
2055,2005-12-01,2006-01-06
2054,2005-11-30,2007-12-11
2053,2005-11-29,2006-01-10
2052,2005-11-29,2005-12-21
2048,2005-11-28,2006-03-27
2047,2005-11-25,2005-11-28
2046,2005-11-23,2006-01-19
2045,2005-11-21,2006-01-07
2044,2005-11-18,2005-12-11
2043,2005-11-17,2007-06-21
2042,2005-11-17,2006-01-06
2039,2005-11-15,2006-01-06
2038,2005-11-15,2007-04-12
2037,2005-11-15,2005-12-20
2036,2005-11-15,2007-06-25
2035,2005-11-15,2005-12-08
2032,2005-11-13,2005-12-01
2031,2005-11-11,2007-06-07
2029,2005-11-09,2006-02-22
2026,2005-11-08,2005-12-20
2025,2005-11-08,2007-01-17
2023,2005-11-06,2005-11-28
2021,2005-11-05,2005-11-06
2019,2005-11-04,2005-12-08
2017,2005-11-03,2005-11-12
2016,2005-11-03,2005-12-21
2015,2005-11-02,2007-07-25
2014,2005-11-02,2007-07-25
2012,2005-11-01,2006-05-03
2011,2005-11-01,2005-11-16
2010,2005-11-01,2005-11-09
2009,2005-11-01,2005-12-16
2007,2005-10-28,2006-12-21
2006,2005-10-26,2005-10-28
2004,2005-10-26,2005-10-28
2003,2005-10-26,2005-10-27
2002,2005-10-25,2005-10-27
2001,2005-10-25,2005-10-28
2000,2005-10-23,2006-01-10
1998,2005-10-20,2006-06-19
1997,2005-10-20,2005-10-21
1996,2005-10-20,2005-10-28
1995,2005-10-19,2005-10-25
1994,2005-10-19,2005-10-20
1992,2005-10-18,2005-10-28
1991,2005-10-18,2005-10-21
1990,2005-10-17,2005-10-25
1988,2005-10-17,2005-10-18
1987,2005-10-14,2005-10-21
1986,2005-10-13,2005-10-20
1985,2005-10-13,2005-10-19
1984,2005-10-13,2005-10-21
1983,2005-10-13,2005-10-28
1981,2005-10-11,2005-10-28
1978,2005-10-10,2005-10-18
1977,2005-10-10,2005-12-20
1975,2005-10-08,2005-10-11
1974,2005-10-07,2005-10-27
1973,2005-10-07,2005-10-10
1972,2005-10-06,2005-10-11
1971,2005-10-06,2005-10-07
1970,2005-10-06,2005-10-18
1969,2005-10-06,2005-10-28
1968,2005-10-05,2007-07-25
1967,2005-10-04,2005-10-10
1964,2005-10-01,2005-10-04
1963,2005-09-30,2005-10-08
1962,2005-09-30,2005-10-04
1960,2005-09-29,2005-12-08
1959,2005-09-28,2005-10-02
1957,2005-09-28,2005-10-20
1956,2005-09-27,2005-09-29
1955,2005-09-27,2005-10-18
1953,2005-09-27,2005-09-29
1950,2005-09-25,2005-09-25
1949,2005-09-24,2005-09-25
1947,2005-09-22,2005-09-25
1946,2005-09-22,2005-10-02
1945,2005-09-22,2005-09-25
1944,2005-09-22,2005-09-28
1943,2005-09-22,2005-09-23
1941,2005-09-21,2005-09-23
1940,2005-09-21,2005-09-23
1939,2005-09-21,2005-09-25
1938,2005-09-21,2005-09-25
1937,2005-09-21,2005-10-02
1936,2005-09-20,2005-10-28
1935,2005-09-20,2005-09-28
1934,2005-09-20,2005-09-26
1932,2005-09-19,2005-09-28
1930,2005-09-17,2005-09-17
1927,2005-09-15,2005-09-23
1924,2005-09-14,2005-09-15
1922,2005-09-13,2005-09-23
1921,2005-09-13,2005-09-20
1920,2005-09-13,2005-09-25
1919,2005-09-13,2005-09-23
1918,2005-09-13,2005-09-23
1917,2005-09-13,2005-09-16
1916,2005-09-13,2005-09-20
1915,2005-09-13,2005-09-20
1913,2005-09-12,2005-09-19
1912,2005-09-12,2005-09-15
1911,2005-09-12,2005-10-12
1910,2005-09-12,2005-10-21
1908,2005-09-09,2005-09-19
1907,2005-09-09,2005-10-21
1906,2005-09-09,2005-09-17
1905,2005-09-08,2006-04-23
1903,2005-09-07,2007-12-11
1900,2005-09-07,2005-10-28
1896,2005-09-05,2005-10-12
1895,2005-09-05,2006-01-06
1892,2005-09-02,2005-09-06
1891,2005-09-02,2005-09-02
1890,2005-09-02,2005-09-02
1889,2005-09-02,2005-09-02
1888,2005-09-02,2005-09-02
1887,2005-09-02,2005-09-02
1886,2005-09-02,2005-09-06
1885,2005-08-31,2005-09-01
1884,2005-08-31,2005-09-27
1883,2005-08-31,2005-09-06
1882,2005-08-30,2005-09-01
1880,2005-08-28,2005-08-29
1879,2005-08-26,2005-08-29
1878,2005-08-26,2005-09-06
1875,2005-08-23,2005-09-06
1874,2005-08-22,2005-08-29
1873,2005-08-22,2005-08-24
1872,2005-08-22,2005-09-03
1871,2005-08-20,2005-09-06
1870,2005-08-19,2005-09-15
1869,2005-08-19,2005-08-24
1868,2005-08-18,2005-08-29
1867,2005-08-18,2005-09-11
1865,2005-08-16,2005-08-27
1864,2005-08-16,2007-07-25
1862,2005-08-16,2007-07-25
1860,2005-08-15,2005-09-01
1859,2005-08-15,2005-09-11
1858,2005-08-12,2007-07-25
1856,2005-08-11,2005-12-17
1854,2005-08-10,2007-04-03
1853,2005-08-09,2005-10-14
1849,2005-08-03,2005-08-07
1847,2005-08-02,2006-01-06
1846,2005-08-02,2005-08-25
1845,2005-08-02,2006-05-05
1844,2005-08-01,2005-10-20
1838,2005-07-26,2005-07-28
1836,2005-07-25,2005-08-02
1835,2005-07-25,2007-01-29
1833,2005-07-22,2005-07-28
1832,2005-07-19,2005-07-22
1831,2005-07-18,2005-07-22
1830,2005-07-17,2005-08-29
1829,2005-07-13,2005-07-18
1828,2005-07-12,2005-07-22
1827,2005-07-11,2005-07-13
1826,2005-07-11,2005-07-22
1825,2005-07-11,2005-07-21
1824,2005-07-08,2005-07-13
1823,2005-07-08,2005-07-22
1822,2005-07-07,2005-07-28
1821,2005-07-06,2005-07-28
1820,2005-07-04,2007-12-11
1818,2005-07-01,2005-07-13
1817,2005-07-01,2005-07-25
1816,2005-07-01,2005-10-28
1815,2005-06-30,2005-06-30
1814,2005-06-30,2005-09-15
1813,2005-06-29,2005-07-13
1812,2005-06-29,2005-07-07
1808,2005-06-27,2005-07-07
1807,2005-06-27,2005-07-13
1806,2005-06-27,2005-09-02
1804,2005-06-24,2005-06-27
1803,2005-06-22,2005-06-27
1799,2005-06-22,2005-07-25
1798,2005-06-22,2005-07-25
1797,2005-06-22,2005-07-24
1794,2005-06-22,2005-07-25
1793,2005-06-22,2005-08-23
1792,2005-06-22,2005-07-25
1791,2005-06-22,2005-07-25
1790,2005-06-22,2005-10-20
1789,2005-06-22,2005-07-05
1787,2005-06-22,2005-10-20
1786,2005-06-22,2005-07-28
1783,2005-06-21,2005-10-28
1782,2005-06-21,2005-07-24
1781,2005-06-21,2005-10-28
1779,2005-06-16,2005-07-13
1778,2005-06-15,2005-07-13
1774,2005-06-14,2005-07-25
1773,2005-06-14,2005-07-05
1772,2005-06-14,2005-07-25
1771,2005-06-13,2006-01-06
1770,2005-06-13,2005-06-27
1768,2005-06-10,2005-07-25
1767,2005-06-09,2005-10-12
1765,2005-06-09,2005-08-02
1764,2005-06-08,2005-07-24
1762,2005-06-08,2005-07-24
1761,2005-06-08,2005-07-25
1757,2005-06-06,2005-07-25
1756,2005-06-06,2005-07-25
1755,2005-06-03,2005-07-25
1754,2005-06-02,2005-07-13
1753,2005-06-01,2005-07-25
1751,2005-05-31,2005-12-08
1750,2005-05-27,2005-06-02
1749,2005-05-25,2005-10-20
1748,2005-05-25,2005-05-28
1747,2005-05-25,2005-05-29
1745,2005-05-23,2005-05-29
1744,2005-05-23,2005-05-29
1743,2005-05-23,2005-05-29
1742,2005-05-20,2005-05-29
1740,2005-05-19,2005-07-25
1739,2005-05-19,2005-05-29
1738,2005-05-19,2005-05-29
1737,2005-05-19,2005-05-20
1736,2005-05-19,2005-05-22
1735,2005-05-19,2005-05-22
1734,2005-05-18,2005-10-28
1732,2005-05-17,2005-05-22
1731,2005-05-17,2005-05-20
1730,2005-05-13,2005-07-25
1729,2005-05-13,2005-05-22
1728,2005-05-12,2005-05-20
1727,2005-05-12,2005-05-20
1726,2005-05-11,2005-05-11
1724,2005-05-10,2005-05-22
1723,2005-05-10,2005-05-13
1721,2005-05-09,2005-05-22
1720,2005-05-06,2005-05-08
1719,2005-05-06,2005-05-08
1717,2005-05-06,2005-05-08
1716,2005-05-06,2005-05-08
1715,2005-05-06,2005-05-08
1714,2005-05-05,2005-05-06
1713,2005-05-05,2005-07-07
1712,2005-05-05,2005-05-09
1710,2005-05-04,2005-05-05
1708,2005-05-04,2005-07-08
1706,2005-05-03,2005-09-02
1705,2005-05-03,2005-05-06
1704,2005-05-03,2005-05-09
1703,2005-05-03,2005-05-09
1702,2005-05-02,2005-05-09
1701,2005-05-02,2005-05-08
1700,2005-05-02,2005-05-06
1699,2005-04-30,2005-10-20
1692,2005-04-28,2005-05-06
1691,2005-04-28,2005-05-06
1690,2005-04-28,2005-05-06
1689,2005-04-28,2005-07-25
1688,2005-04-28,2005-05-20
1687,2005-04-28,2005-10-24
1686,2005-04-27,2005-04-28
1685,2005-04-27,2005-05-06
1684,2005-04-27,2005-05-06
1683,2005-04-27,2005-04-27
1682,2005-04-27,2005-07-05
1679,2005-04-27,2005-05-09
1676,2005-04-27,2005-04-28
1673,2005-04-26,2005-07-25
1672,2005-04-26,2005-04-28
1671,2005-04-26,2005-04-28
1670,2005-04-26,2005-04-28
1669,2005-04-26,2005-04-28
1668,2005-04-26,2005-04-28
1666,2005-04-25,2005-04-26
1665,2005-04-25,2005-04-28
1664,2005-04-25,2005-04-26
1663,2005-04-25,2005-04-26
1661,2005-04-25,2005-04-26
1660,2005-04-25,2005-05-09
1658,2005-04-24,2005-05-22
1657,2005-04-23,2005-05-06
1656,2005-04-21,2005-04-25
1655,2005-04-21,2005-07-25
1654,2005-04-20,2005-04-21
1653,2005-04-20,2007-07-25
1652,2005-04-19,2005-04-21
1651,2005-04-19,2005-04-20
1650,2005-04-18,2005-04-19
1647,2005-04-15,2005-09-27
1646,2005-04-14,2005-04-19
1645,2005-04-13,2005-04-19
1644,2005-04-12,2005-04-18
1642,2005-04-11,2005-04-18
1640,2005-04-11,2007-07-03
1639,2005-04-08,2007-07-25
1638,2005-04-07,2007-07-25
1636,2005-04-07,2005-04-18
1635,2005-04-07,2005-04-18
1634,2005-04-07,2005-04-18
1632,2005-04-07,2005-04-18
1631,2005-04-07,2005-04-18
1630,2005-04-07,2005-04-18
1629,2005-04-07,2005-04-18
1628,2005-04-06,2006-01-10
1627,2005-04-06,2005-04-18
1625,2005-04-06,2005-04-18
1624,2005-04-05,2005-04-18
1623,2005-04-05,2005-04-18
1622,2005-04-05,2005-06-02
1620,2005-04-05,2005-07-07
1619,2005-04-05,2005-04-18
1618,2005-04-05,2005-04-18
1617,2005-04-04,2005-04-23
1616,2005-04-04,2005-06-02
1615,2005-04-03,2005-04-18
1614,2005-04-03,2005-04-18
1613,2005-04-03,2005-04-18
1612,2005-04-01,2007-04-03
1611,2005-04-01,2005-07-13
1610,2005-03-31,2005-04-18
1609,2005-03-31,2005-03-31
1608,2005-03-31,2005-04-19
1607,2005-03-30,2005-07-25
1606,2005-03-30,2005-05-05
1604,2005-03-30,2005-04-18
1603,2005-03-29,2005-07-25
1601,2005-03-28,2005-07-25
1600,2005-03-28,2005-04-27
1599,2005-03-28,2005-04-27
1597,2005-03-27,2005-04-19
1596,2005-03-24,2007-03-30
1591,2005-03-23,2005-04-19
1589,2005-03-23,2005-05-05
1588,2005-03-23,2005-04-19
1587,2005-03-22,2005-04-19
1586,2005-03-22,2005-05-05
1585,2005-03-22,2005-07-25
1584,2005-03-22,2005-04-19
1582,2005-03-22,2005-04-19
1581,2005-03-22,2005-04-19
1580,2005-03-22,2005-04-19
1579,2005-03-22,2005-05-06
1578,2005-03-22,2005-05-08
1577,2005-03-22,2005-04-19
1576,2005-03-22,2005-04-25
1575,2005-03-22,2005-05-11
1574,2005-03-22,2005-05-05
1573,2005-03-22,2005-04-19
1571,2005-03-22,2005-05-06
1570,2005-03-22,2005-06-01
1567,2005-03-21,2005-05-31
1565,2005-03-18,2005-04-28
1563,2005-03-18,2005-05-22
1561,2005-03-18,2005-10-24
1560,2005-03-17,2005-05-31
1559,2005-03-17,2005-05-05
1558,2005-03-17,2005-05-13
1557,2005-03-17,2005-05-06
1556,2005-03-16,2005-04-25
1555,2005-03-15,2005-07-25
1553,2005-03-14,2005-04-19
1552,2005-03-14,2007-07-26
1550,2005-03-09,2007-07-03
1549,2005-03-09,2005-03-10
1548,2005-03-09,2005-03-10
1545,2005-03-08,2005-03-10
1544,2005-03-08,2005-03-10
1542,2005-03-07,2005-05-29
1541,2005-03-07,2005-05-08
1540,2005-03-07,2005-03-11
1539,2005-03-06,2005-03-10
1538,2005-03-04,2005-03-11
1537,2005-03-03,2005-05-09
1536,2005-03-03,2005-03-04
1532,2005-03-02,2005-03-10
1531,2005-03-01,2005-04-25
1530,2005-03-01,2005-10-28
1529,2005-02-28,2005-03-10
1528,2005-02-28,2005-03-04
1527,2005-02-26,2005-03-10
1526,2005-02-26,2005-03-04
1525,2005-02-25,2005-03-01
1524,2005-02-25,2005-02-26
1523,2005-02-24,2005-02-26
1522,2005-02-24,2005-02-26
1521,2005-02-22,2005-02-23
1520,2005-02-22,2005-02-23
1518,2005-02-22,2005-03-04
1517,2005-02-22,2005-05-08
1516,2005-02-22,2005-12-08
1515,2005-02-21,2005-02-22
1514,2005-02-21,2005-02-22
1513,2005-02-21,2005-02-22
1512,2005-02-19,2007-12-11
1511,2005-02-18,2005-02-22
1510,2005-02-17,2005-02-21
1508,2005-02-16,2007-04-17
1507,2005-02-16,2005-02-21
1506,2005-02-16,2005-02-23
1505,2005-02-15,2005-02-23
1504,2005-02-11,2005-02-22
1503,2005-02-10,2005-02-11
1502,2005-02-10,2005-02-12
1501,2005-02-09,2005-02-12
1500,2005-02-07,2005-05-06
1499,2005-02-05,2005-02-09
1497,2005-02-03,2005-02-07
1496,2005-02-02,2006-01-09
1494,2005-02-01,2005-02-09
1492,2005-01-31,2005-02-12
1491,2005-01-31,2005-02-24
1490,2005-01-31,2005-02-08
1489,2005-01-28,2005-02-08
1488,2005-01-27,2005-02-01
1487,2005-01-27,2005-01-29
1485,2005-01-21,2005-01-29
1483,2005-01-13,2005-02-09
1482,2005-01-13,2005-06-02
1481,2005-01-11,2005-01-12
1480,2005-01-10,2005-01-13
1479,2005-01-10,2005-01-10
1476,2005-01-06,2005-01-07
1474,2005-01-05,2005-01-07
1473,2005-01-03,2005-01-07
1472,2005-01-01,2005-07-08
1471,2005-01-01,2005-07-08
1469,2004-12-31,2005-01-13
1468,2004-12-30,2005-01-13
1467,2004-12-29,2005-01-12
1465,2004-12-29,2005-02-26
1463,2004-12-26,2005-02-26
1462,2004-12-23,2004-12-24
1461,2004-12-22,2004-12-24
1460,2004-12-22,2005-02-12
1459,2004-12-21,2005-08-26
1458,2004-12-20,2004-12-24
1457,2004-12-19,2005-07-08
1456,2004-12-17,2004-12-20
1454,2004-12-14,2004-12-20
1453,2004-12-14,2005-02-09
1452,2004-12-14,2005-02-09
1450,2004-12-14,2005-03-10
1449,2004-12-14,2005-03-11
1448,2004-12-14,2005-02-11
1447,2004-12-14,2004-12-24
1446,2004-12-13,2004-12-23
1445,2004-12-13,2005-02-27
1444,2004-12-10,2005-02-26
1443,2004-12-09,2005-05-31
1442,2004-12-09,2004-12-22
1441,2004-12-08,2005-01-12
1438,2004-12-04,2005-01-29
1437,2004-12-04,2005-02-12
1433,2004-12-02,2005-01-12
1431,2004-12-02,2005-02-09
1430,2004-12-02,2005-01-29
1429,2004-12-02,2005-02-25
1428,2004-12-01,2004-12-02
1427,2004-12-01,2005-07-07
1425,2004-11-29,2005-02-12
1424,2004-11-29,2004-11-30
1423,2004-11-29,2005-02-12
1422,2004-11-29,2004-11-30
1421,2004-11-27,2004-11-28
1420,2004-11-26,2004-11-27
1418,2004-11-26,2004-11-29
1417,2004-11-25,2004-11-28
1416,2004-11-25,2004-11-29
1415,2004-11-25,2004-12-02
1414,2004-11-25,2005-01-29
1413,2004-11-25,2005-02-27
1412,2004-11-24,2005-02-25
1411,2004-11-21,2005-02-26
1410,2004-11-19,2004-11-30
1408,2004-11-15,2005-02-25
1405,2004-11-12,2004-11-29
1404,2004-11-11,2004-11-11
1403,2004-11-11,2004-11-29
1402,2004-11-11,2004-12-01
1401,2004-11-10,2004-11-28
1396,2004-11-09,2005-02-26
1394,2004-11-09,2005-01-28
1393,2004-11-09,2004-11-30
1392,2004-11-08,2005-11-28
1391,2004-11-08,2005-05-29
1390,2004-11-05,2004-11-28
1389,2004-11-05,2005-02-01
1388,2004-11-04,2004-11-07
1387,2004-11-04,2004-11-05
1385,2004-11-03,2004-11-30
1384,2004-11-03,2007-02-08
1383,2004-10-31,2004-11-01
1382,2004-10-31,2004-12-22
1381,2004-10-29,2005-01-12
1380,2004-10-28,2005-02-27
1379,2004-10-27,2004-12-27
1378,2004-10-27,2004-11-02
1377,2004-10-26,2004-11-07
1376,2004-10-26,2004-11-07
1375,2004-10-26,2004-11-07
1373,2004-10-25,2004-11-07
1372,2004-10-22,2004-11-29
1371,2004-10-21,2004-11-07
1370,2004-10-20,2004-11-07
1369,2004-10-20,2004-11-18
1368,2004-10-18,2007-01-17
1367,2004-10-18,2005-02-27
1366,2004-10-18,2005-05-22
1365,2004-10-18,2004-10-23
1363,2004-10-14,2004-11-07
1362,2004-10-14,2005-12-08
1360,2004-10-13,2004-11-30
1359,2004-10-13,2005-02-25
1358,2004-10-12,2004-10-13
1357,2004-10-11,2004-10-13
1356,2004-10-09,2004-10-12
1355,2004-10-07,2004-10-13
1354,2004-10-07,2004-10-07
1353,2004-10-07,2004-10-08
1352,2004-10-07,2004-10-10
1351,2004-10-07,2004-10-11
1350,2004-10-07,2004-10-12
1348,2004-10-05,2004-10-07
1347,2004-10-05,2004-10-11
1346,2004-10-05,2005-02-23
1345,2004-10-05,2004-10-07
1344,2004-10-05,2004-10-10
1341,2004-10-05,2004-10-10
1340,2004-10-05,2004-10-07
1339,2004-10-04,2004-10-12
1338,2004-10-04,2004-10-04
1337,2004-10-01,2005-01-12
1336,2004-10-01,2004-10-07
1335,2004-10-01,2004-10-13
1334,2004-09-30,2004-10-10
1333,2004-09-29,2004-10-13
1332,2004-09-29,2004-10-11
1331,2004-09-28,2004-09-28
1330,2004-09-28,2004-09-28
1329,2004-09-28,2004-10-01
1328,2004-09-27,2004-09-28
1327,2004-09-27,2004-09-28
1326,2004-09-27,2004-09-28
1325,2004-09-27,2004-09-28
1324,2004-09-27,2006-11-21
1323,2004-09-27,2006-11-21
1322,2004-09-27,2004-09-28
1321,2004-09-27,2004-10-10
1320,2004-09-27,2004-10-10
1319,2004-09-27,2004-09-28
1318,2004-09-27,2004-09-28
1317,2004-09-27,2004-09-29
1316,2004-09-27,2006-06-16
1315,2004-09-24,2004-09-24
1314,2004-09-24,2004-09-24
1313,2004-09-24,2004-09-24
1312,2004-09-23,2004-09-25
1311,2004-09-22,2004-09-28
1310,2004-09-21,2005-07-25
1309,2004-09-20,2005-04-19
1308,2004-09-20,2004-09-28
1307,2004-09-20,2004-10-11
1306,2004-09-20,2004-09-28
1304,2004-09-17,2004-09-28
1303,2004-09-16,2005-02-14
1302,2004-09-16,2004-10-10
1301,2004-09-14,2005-02-14
1300,2004-09-14,2004-11-29
1299,2004-09-13,2004-09-29
1296,2004-09-10,2004-10-10
1295,2004-09-10,2004-10-10
1294,2004-09-08,2005-02-01
1293,2004-09-08,2004-09-09
1292,2004-09-08,2004-09-09
1291,2004-09-07,2004-09-09
1287,2004-09-02,2004-09-09
1286,2004-09-01,2004-09-09
1284,2004-08-31,2004-09-28
1282,2004-08-29,2004-09-04
1281,2004-08-27,2004-09-07
1280,2004-08-26,2004-08-27
1279,2004-08-26,2004-10-04
1277,2004-08-26,2004-09-05
1275,2004-08-24,2004-09-05
1274,2004-08-24,2004-08-25
1273,2004-08-24,2004-09-05
1272,2004-08-24,2004-08-24
1271,2004-08-24,2004-08-25
1270,2004-08-23,2004-08-24
1269,2004-08-23,2004-08-24
1268,2004-08-22,2004-08-22
1267,2004-08-21,2004-08-21
1266,2004-08-21,2004-08-21
1265,2004-08-21,2004-08-21
1264,2004-08-21,2004-08-22
1263,2004-08-19,2004-08-24
1262,2004-08-19,2004-08-22
1261,2004-08-17,2004-08-19
1260,2004-08-17,2004-08-18
1258,2004-08-16,2004-09-09
1257,2004-08-16,2005-01-13
1256,2004-08-15,2004-09-04
1255,2004-08-15,2004-08-22
1254,2004-08-15,2004-08-17
1253,2004-08-14,2004-08-22
1252,2004-08-14,2004-08-21
1251,2004-08-14,2005-09-02
1250,2004-08-13,2004-08-14
1249,2004-08-13,2004-08-15
1248,2004-08-13,2004-08-14
1246,2004-08-12,2004-08-15
1245,2004-08-12,2004-08-14
1244,2004-08-12,2004-08-14
1243,2004-08-12,2004-08-25
1242,2004-08-12,2004-08-25
1241,2004-08-11,2004-08-22
1240,2004-08-11,2004-08-12
1239,2004-08-11,2004-08-25
1238,2004-08-10,2004-08-11
1237,2004-08-09,2004-08-13
1236,2004-08-08,2004-08-15
1235,2004-08-08,2004-08-14
1233,2004-08-06,2004-09-10
1232,2004-08-06,2004-08-17
1231,2004-08-06,2004-08-13
1230,2004-08-06,2004-08-14
1229,2004-08-05,2004-08-12
1228,2004-08-05,2004-08-17
1227,2004-08-05,2004-08-17
1226,2004-08-03,2004-08-15
1225,2004-08-03,2004-08-12
1224,2004-08-03,2004-10-13
1223,2004-08-01,2004-08-05
1222,2004-07-29,2004-08-18
1221,2004-07-29,2004-08-17
1220,2004-07-28,2004-08-12
1219,2004-07-28,2004-08-27
1217,2004-07-26,2004-08-22
1216,2004-07-26,2004-08-15
1215,2004-07-25,2004-09-28
1214,2004-07-25,2004-08-14
1213,2004-07-25,2004-07-26
1212,2004-07-25,2004-08-19
1211,2004-07-23,2004-08-22
1208,2004-07-20,2004-07-21
1206,2004-07-19,2005-02-22
1205,2004-07-19,2004-09-04
1204,2004-07-19,2004-07-19
1203,2004-07-19,2004-07-19
1202,2004-07-19,2004-07-26
1201,2004-07-17,2004-07-20
1200,2004-07-16,2004-08-17
1199,2004-07-16,2004-08-28
1198,2004-07-15,2004-07-20
1197,2004-07-13,2004-07-26
1196,2004-07-13,2004-08-24
1195,2004-07-12,2004-07-20
1194,2004-07-12,2004-08-22
1193,2004-07-12,2004-08-22
1192,2004-07-12,2004-07-20
1191,2004-07-12,2004-10-12
1190,2004-07-08,2004-07-19
1189,2004-07-07,2004-07-19
1188,2004-07-06,2005-07-25
1186,2004-07-05,2004-07-21
1184,2004-07-05,2004-07-08
1183,2004-07-03,2004-08-26
1182,2004-07-03,2004-07-05
1181,2004-07-01,2004-08-25
1180,2004-06-30,2004-09-29
1178,2004-06-28,2004-07-26
1177,2004-06-26,2004-08-13
1176,2004-06-25,2004-10-11
1175,2004-06-23,2004-07-12
1174,2004-06-23,2004-06-30
1173,2004-06-21,2004-08-13
1172,2004-06-21,2004-10-11
1171,2004-06-18,2004-08-12
1170,2004-06-17,2004-06-19
1169,2004-06-17,2004-08-25
1168,2004-06-17,2004-06-19
1167,2004-06-16,2004-07-07
1166,2004-06-15,2004-06-15
1165,2004-06-15,2004-07-05
1163,2004-06-14,2004-09-05
1162,2004-06-10,2004-06-14
1161,2004-06-10,2004-06-13
1160,2004-06-10,2004-06-13
1159,2004-06-10,2004-08-15
1158,2004-06-09,2004-06-10
1157,2004-06-09,2004-06-10
1156,2004-06-09,2005-05-29
1155,2004-06-09,2004-08-13
1154,2004-06-09,2004-06-10
1153,2004-06-09,2004-06-10
1152,2004-06-09,2004-06-18
1151,2004-06-09,2004-06-18
1150,2004-06-09,2004-06-18
1149,2004-06-08,2004-06-14
1148,2004-06-08,2004-06-10
1146,2004-06-07,2004-06-09
1145,2004-06-07,2004-08-27
1144,2004-06-07,2004-06-10
1143,2004-06-07,2004-06-10
1142,2004-06-06,2004-10-11
1141,2004-06-05,2004-10-11
1140,2004-06-04,2004-06-10
1139,2004-06-04,2004-06-19
1138,2004-06-04,2004-06-10
1137,2004-06-04,2004-06-10
1136,2004-06-04,2004-06-10
1134,2004-06-03,2004-08-27
1133,2004-06-03,2004-08-15
1132,2004-06-03,2004-08-27
1131,2004-06-03,2004-08-15
1130,2004-06-02,2004-06-09
1129,2004-06-02,2004-06-12
1128,2004-06-01,2004-06-09
1127,2004-06-01,2005-02-26
1126,2004-05-31,2004-07-18
1125,2004-05-29,2004-10-10
1124,2004-05-28,2004-06-09
1123,2004-05-28,2004-08-27
1122,2004-05-28,2005-02-25
1121,2004-05-28,2004-06-09
1120,2004-05-28,2004-08-13
1118,2004-05-27,2004-06-10
1117,2004-05-26,2005-10-27
1116,2004-05-26,2005-07-25
1115,2004-05-25,2004-06-18
1113,2004-05-24,2004-08-12
1110,2004-05-22,2004-06-09
1109,2004-05-21,2004-09-04
1108,2004-05-21,2004-08-26
1107,2004-05-18,2004-05-20
1106,2004-05-17,2004-08-28
1105,2004-05-17,2004-06-09
1103,2004-05-14,2004-08-25
1100,2004-05-14,2004-05-20
1099,2004-05-13,2004-05-17
1097,2004-05-13,2004-07-26
1096,2004-05-13,2004-05-20
1095,2004-05-12,2004-05-20
1093,2004-05-11,2004-05-12
1092,2004-05-10,2004-05-20
1091,2004-05-10,2004-05-10
1090,2004-05-09,2004-05-10
1089,2004-05-08,2004-05-20
1088,2004-05-07,2004-05-09
1087,2004-05-07,2004-05-07
1086,2004-05-07,2004-05-10
1085,2004-05-07,2004-05-20
1084,2004-05-06,2004-05-20
1083,2004-05-06,2005-04-26
1082,2004-05-06,2004-10-13
1080,2004-05-05,2004-05-10
1079,2004-05-05,2004-05-06
1078,2004-05-05,2004-05-08
1076,2004-05-04,2005-12-08
1075,2004-05-04,2004-05-04
1074,2004-05-03,2004-05-10
1073,2004-05-03,2004-05-06
1071,2004-05-03,2004-05-03
1070,2004-05-03,2004-05-03
1069,2004-05-03,2004-05-03
1068,2004-05-03,2004-05-03
1067,2004-05-03,2004-05-03
1066,2004-05-02,2004-05-03
1065,2004-05-02,2007-04-13
1064,2004-05-01,2004-08-15
1063,2004-04-30,2004-04-30
1062,2004-04-30,2004-04-30
1061,2004-04-30,2004-04-30
1060,2004-04-30,2004-04-30
1059,2004-04-29,2004-04-30
1058,2004-04-29,2004-04-30
1057,2004-04-29,2004-04-30
1056,2004-04-29,2004-04-30
1055,2004-04-29,2004-08-15
1054,2004-04-29,2004-05-09
1053,2004-04-28,2004-04-29
1052,2004-04-27,2004-04-30
1051,2004-04-27,2004-04-28
1050,2004-04-26,2004-04-27
1048,2004-04-23,2004-05-20
1047,2004-04-22,2005-07-25
1046,2004-04-21,2004-05-06
1044,2004-04-21,2004-05-07
1043,2004-04-20,2004-04-27
1041,2004-04-20,2004-04-22
1039,2004-04-19,2004-04-22
1038,2004-04-19,2004-04-22
1037,2004-04-19,2004-04-28
1035,2004-04-15,2004-04-30
1034,2004-04-15,2004-04-22
1033,2004-04-15,2004-04-22
1032,2004-04-14,2004-04-22
1031,2004-04-14,2004-05-20
1030,2004-04-14,2004-04-22
1027,2004-04-06,2004-09-07
1026,2004-04-05,2004-08-27
1025,2004-04-02,2004-04-28
1024,2004-04-01,2004-04-22
1023,2004-04-01,2004-04-27
1022,2004-04-01,2004-04-27
1021,2004-03-30,2004-04-27
1020,2004-03-26,2004-05-06
1019,2004-03-23,2004-04-27
1017,2004-03-18,2004-04-22
1016,2004-03-18,2004-04-28
1015,2004-03-17,2004-06-14
1014,2004-03-15,2004-05-20
1013,2004-03-15,2004-08-27
1012,2004-03-12,2004-05-20
1010,2004-03-12,2004-04-30
1009,2004-03-12,2004-04-28
1008,2004-03-12,2004-05-08
1007,2004-03-12,2004-03-18
1006,2004-03-11,2004-03-12
1005,2004-03-11,2004-08-25
1004,2004-03-10,2004-04-27
1003,2004-03-09,2004-05-20
1002,2004-03-08,2005-12-08
1000,2004-03-08,2004-04-30
999,2004-03-08,2004-04-28
998,2004-03-06,2004-04-22
997,2004-03-06,2004-04-27
996,2004-03-06,2004-03-25
994,2004-03-06,2004-04-27
992,2004-03-05,2004-05-20
991,2004-03-05,2004-08-15
990,2004-03-05,2004-04-29
989,2004-03-05,2004-03-18
988,2004-03-05,2004-03-05
987,2004-03-05,2004-03-05
986,2004-03-03,2005-01-28
983,2004-03-02,2004-05-06
982,2004-03-01,2004-03-25
981,2004-03-01,2004-04-22
980,2004-02-29,2004-04-29
979,2004-02-27,2004-03-05
978,2004-02-27,2004-05-21
977,2004-02-27,2004-04-30
975,2004-02-26,2004-05-06
973,2004-02-26,2004-08-25
971,2004-02-24,2004-03-05
970,2004-02-24,2004-04-30
969,2004-02-24,2004-04-28
968,2004-02-21,2004-04-27
967,2004-02-20,2005-02-25
966,2004-02-19,2004-03-05
965,2004-02-18,2004-06-18
964,2004-02-18,2004-08-15
963,2004-02-18,2004-03-25
962,2004-02-18,2004-04-30
960,2004-02-18,2004-05-20
959,2004-02-18,2004-08-22
957,2004-02-18,2004-03-05
956,2004-02-16,2004-07-21
955,2004-02-16,2004-08-26
954,2004-02-16,2004-10-13
953,2004-02-15,2004-06-18
952,2004-02-15,2004-08-24
951,2004-02-12,2004-10-18
950,2004-02-12,2004-07-21
949,2004-02-12,2004-10-11
947,2004-02-08,2004-02-09
946,2004-02-08,2004-06-18
945,2004-02-08,2005-02-25
944,2004-02-08,2004-02-08
942,2004-02-08,2004-02-09
941,2004-02-06,2004-02-09
940,2004-02-06,2004-02-09
939,2004-02-06,2004-02-09
938,2004-02-06,2005-02-27
937,2004-02-05,2004-04-29
936,2004-02-04,2004-02-08
935,2004-02-04,2004-02-09
933,2004-02-03,2004-02-10
932,2004-02-03,2004-02-09
931,2004-02-03,2004-04-30
930,2004-01-29,2004-05-21
929,2004-01-29,2004-05-21
928,2004-01-26,2004-01-31
927,2004-01-26,2004-06-10
926,2004-01-22,2004-06-10
925,2004-01-21,2004-02-15
924,2004-01-19,2004-01-21
923,2004-01-19,2006-11-21
921,2004-01-16,2004-06-18
920,2004-01-16,2004-08-26
919,2004-01-14,2004-01-16
918,2004-01-14,2004-01-16
916,2004-01-13,2004-01-14
915,2004-01-12,2004-01-15
913,2004-01-10,2004-01-19
912,2004-01-07,2004-01-08
911,2004-01-05,2004-01-07
910,2004-01-05,2004-01-08
909,2004-01-04,2004-01-08
908,2004-01-03,2004-01-04
907,2004-01-02,2004-01-16
906,2004-01-02,2004-01-02
905,2003-12-29,2004-06-13
904,2003-12-29,2004-01-02
903,2003-12-29,2003-12-30
902,2003-12-29,2003-12-30
901,2003-12-29,2003-12-30
900,2003-12-29,2003-12-30
899,2003-12-29,2003-12-30
898,2003-12-29,2003-12-30
897,2003-12-29,2004-01-04
896,2003-12-28,2004-01-07
894,2003-12-28,2004-06-14
893,2003-12-28,2004-08-22
892,2003-12-27,2004-01-15
891,2003-12-23,2004-01-17
889,2003-12-20,2004-01-07
887,2003-12-18,2004-01-06
886,2003-12-18,2005-01-28
885,2003-12-17,2003-12-17
884,2003-12-17,2003-12-17
883,2003-12-15,2003-12-17
882,2003-12-12,2004-06-18
881,2003-12-12,2003-12-13
880,2003-12-12,2003-12-15
879,2003-12-12,2003-12-13
878,2003-12-10,2004-01-17
876,2003-12-09,2003-12-09
875,2003-12-05,2003-12-06
874,2003-12-03,2003-12-17
872,2003-12-03,2003-12-09
871,2003-12-02,2003-12-06
870,2003-12-02,2003-12-04
869,2003-12-01,2004-05-20
868,2003-11-28,2003-11-28
867,2003-11-27,2003-11-27
866,2003-11-26,2003-11-28
865,2003-11-26,2003-11-29
864,2003-11-26,2003-11-29
862,2003-11-25,2003-11-28
861,2003-11-24,2003-12-08
860,2003-11-24,2003-11-29
858,2003-11-21,2003-11-21
857,2003-11-20,2003-11-24
855,2003-11-20,2003-11-21
854,2003-11-20,2003-11-29
853,2003-11-20,2004-01-08
852,2003-11-19,2004-03-05
850,2003-11-19,2003-11-23
849,2003-11-18,2003-11-24
848,2003-11-18,2003-11-29
847,2003-11-18,2004-01-16
846,2003-11-18,2003-11-20
845,2003-11-18,2004-08-15
844,2003-11-18,2003-11-21
842,2003-11-18,2003-11-21
841,2003-11-18,2003-12-13
840,2003-11-18,2003-11-21
839,2003-11-18,2003-11-24
838,2003-11-18,2003-11-24
837,2003-11-18,2003-11-24
836,2003-11-18,2003-11-24
835,2003-11-18,2004-01-07
833,2003-11-17,2003-11-20
832,2003-11-17,2003-11-29
831,2003-11-14,2003-12-14
830,2003-11-13,2003-11-24
829,2003-11-13,2003-11-20
828,2003-11-12,2007-12-11
827,2003-11-12,2003-11-24
826,2003-11-12,2003-11-23
825,2003-11-09,2004-10-12
824,2003-11-07,2003-11-24
821,2003-11-05,2003-12-02
820,2003-11-04,2003-12-08
818,2003-11-02,2003-11-02
817,2003-10-31,2003-11-07
816,2003-10-30,2004-05-20
815,2003-10-30,2003-11-07
814,2003-10-29,2004-08-25
813,2003-10-29,2003-11-07
811,2003-10-28,2003-11-02
808,2003-10-27,2003-10-27
807,2003-10-27,2003-11-07
803,2003-10-27,2003-11-07
802,2003-10-26,2003-11-07
801,2003-10-26,2004-08-22
800,2003-10-24,2004-08-26
796,2003-10-21,2003-11-24
795,2003-10-21,2003-11-29
792,2003-10-21,2003-11-26
789,2003-10-18,2003-11-22
788,2003-10-18,2003-12-03
787,2003-10-17,2003-12-06
786,2003-10-17,2004-06-18
785,2003-10-17,2003-11-20
784,2003-10-16,2003-11-24
783,2003-10-16,2004-06-18
782,2003-10-15,2003-11-29
781,2003-10-15,2003-11-24
780,2003-10-15,2003-11-07
779,2003-10-14,2003-11-24
778,2003-10-14,2003-10-15
777,2003-10-09,2003-11-29
776,2003-10-09,2004-10-13
775,2003-10-07,2003-11-24
774,2003-10-06,2003-10-10
772,2003-10-06,2004-06-14
771,2003-10-06,2004-06-14
770,2003-10-02,2004-05-20
769,2003-10-01,2004-01-16
768,2003-10-01,2003-10-10
767,2003-10-01,2004-01-17
766,2003-09-30,2004-01-05
764,2003-09-27,2004-08-13
763,2003-09-27,2003-09-30
762,2003-09-27,2003-10-10
761,2003-09-27,2005-07-25
760,2003-09-27,2004-01-05
759,2003-09-27,2003-12-08
758,2003-09-27,2003-12-06
757,2003-09-27,2003-12-08
756,2003-09-27,2003-12-08
755,2003-09-27,2003-10-10
754,2003-09-27,2004-01-16
752,2003-09-27,2003-10-10
750,2003-09-27,2003-12-08
749,2003-09-27,2003-12-05
748,2003-09-27,2003-12-08
746,2003-09-27,2003-12-05
745,2003-09-27,2003-10-10
744,2003-09-27,2003-09-30
743,2003-09-27,2003-10-10
742,2003-09-27,2004-08-22
741,2003-09-27,2004-06-19
740,2003-09-27,2004-07-18
739,2003-09-27,2003-12-05
738,2003-09-27,2003-12-08
737,2003-09-27,2003-12-18
736,2003-09-27,2003-09-27
735,2003-09-26,2004-01-05
734,2003-09-26,2004-01-05
732,2003-09-25,2003-11-24
729,2003-09-25,2003-09-30
727,2003-09-23,2003-11-22
724,2003-09-23,2004-06-18
723,2003-09-22,2003-10-11
722,2003-09-22,2003-11-24
721,2003-09-21,2003-12-08
720,2003-09-21,2003-12-05
718,2003-09-17,2004-01-05
717,2003-09-16,2003-09-30
715,2003-09-15,2003-11-24
714,2003-09-14,2003-09-30
712,2003-09-12,2003-12-14
711,2003-09-11,2003-11-22
710,2003-09-10,2003-09-30
706,2003-09-09,2003-09-30
705,2003-09-09,2003-09-10
704,2003-09-09,2003-10-10
703,2003-09-09,2003-09-30
702,2003-09-08,2004-01-05
701,2003-09-08,2003-09-10
700,2003-09-08,2003-12-08
699,2003-09-07,2003-12-05
698,2003-09-07,2004-08-15
697,2003-09-07,2004-08-13
696,2003-09-05,2003-11-24
694,2003-09-04,2004-01-17
693,2003-09-04,2003-09-05
692,2003-09-02,2003-09-05
691,2003-09-02,2003-11-24
690,2003-09-02,2003-11-22
689,2003-09-02,2003-09-06
688,2003-09-01,2003-09-01
687,2003-09-01,2003-09-01
686,2003-09-01,2003-09-05
685,2003-09-01,2003-11-24
684,2003-09-01,2003-11-24
682,2003-08-27,2004-06-14
681,2003-08-26,2003-08-27
680,2003-08-26,2003-09-06
678,2003-08-23,2003-09-01
677,2003-08-23,2003-09-01
676,2003-08-23,2003-09-01
674,2003-08-23,2003-08-29
673,2003-08-22,2003-10-10
672,2003-08-22,2003-08-22
671,2003-08-22,2003-08-22
669,2003-08-21,2003-08-22
668,2003-08-21,2003-08-22
667,2003-08-21,2003-08-29
666,2003-08-20,2003-08-22
665,2003-08-18,2003-08-20
664,2003-08-18,2003-08-20
662,2003-08-17,2003-08-18
661,2003-08-16,2003-08-29
660,2003-08-15,2003-08-22
657,2003-08-14,2005-12-08
656,2003-08-14,2003-08-14
655,2003-08-14,2003-08-18
654,2003-08-13,2003-08-17
653,2003-08-13,2003-08-17
652,2003-08-12,2003-08-14
651,2003-08-12,2003-08-12
650,2003-08-12,2003-08-12
648,2003-08-10,2004-06-10
647,2003-08-09,2003-08-14
645,2003-08-06,2004-08-26
644,2003-08-06,2003-08-18
642,2003-08-04,2004-06-14
641,2003-08-04,2003-08-06
640,2003-08-03,2003-08-06
639,2003-08-03,2003-08-18
638,2003-08-03,2003-08-04
637,2003-08-02,2005-02-25
636,2003-08-01,2004-01-17
633,2003-07-31,2003-08-06
632,2003-07-31,2003-08-06
631,2003-07-31,2003-08-04
630,2003-07-31,2003-08-08
629,2003-07-30,2004-04-30
628,2003-07-29,2004-01-05
627,2003-07-28,2003-12-01
625,2003-07-27,2003-08-06
624,2003-07-27,2003-08-06
623,2003-07-27,2003-08-12
622,2003-07-27,2003-08-04
621,2003-07-27,2003-09-06
620,2003-07-26,2003-08-04
619,2003-07-25,2003-09-05
618,2003-07-25,2003-08-06
617,2003-07-25,2003-08-06
616,2003-07-24,2003-07-25
615,2003-07-24,2004-02-18
614,2003-07-23,2003-08-17
613,2003-07-22,2004-06-14
612,2003-07-22,2003-08-06
611,2003-07-18,2003-07-21
610,2003-07-16,2003-07-22
609,2003-07-16,2004-04-30
608,2003-07-15,2004-04-01
607,2003-07-15,2003-07-22
606,2003-07-14,2003-07-21
605,2003-07-13,2003-07-22
604,2003-07-13,2003-07-22
603,2003-07-13,2003-08-15
602,2003-07-13,2003-07-21
601,2003-07-11,2003-07-21
600,2003-07-11,2003-07-13
599,2003-07-10,2003-12-01
595,2003-07-08,2003-07-11
594,2003-07-07,2003-10-11
593,2003-07-06,2003-07-22
592,2003-07-06,2003-08-22
591,2003-07-06,2003-07-16
590,2003-07-06,2003-07-22
589,2003-07-04,2004-01-17
588,2003-07-04,2005-02-22
587,2003-07-04,2003-07-22
585,2003-07-02,2003-07-04
584,2003-07-02,2003-07-05
583,2003-07-02,2003-07-05
582,2003-07-02,2003-08-22
581,2003-07-01,2003-07-05
580,2003-07-01,2003-12-14
579,2003-07-01,2003-07-05
578,2003-07-01,2003-08-22
577,2003-07-01,2004-06-15
576,2003-07-01,2003-11-28
575,2003-07-01,2005-04-26
574,2003-07-01,2005-05-06
572,2003-07-01,2003-07-05
571,2003-07-01,2003-07-05
570,2003-07-01,2003-07-05
568,2003-07-01,2004-08-12
566,2003-07-01,2003-08-14
565,2003-07-01,2003-07-05
564,2003-07-01,2003-07-05
563,2003-07-01,2003-07-05
562,2003-07-01,2003-07-05
561,2003-07-01,2003-07-05
560,2003-07-01,2003-11-29
559,2003-06-29,2003-07-05
558,2003-06-29,2003-07-22
557,2003-06-29,2003-07-05
556,2003-06-26,2003-07-05
555,2003-06-26,2003-07-05
554,2003-06-25,2003-07-05
553,2003-06-25,2003-07-05
551,2003-06-23,2003-07-11
550,2003-06-23,2003-07-22
549,2003-06-23,2003-07-05
546,2003-06-21,2004-01-05
545,2003-06-21,2003-07-22
544,2003-06-19,2004-01-16
543,2003-06-16,2004-06-14
542,2003-06-15,2004-01-16
541,2003-06-14,2003-06-15
540,2003-06-14,2003-06-15
539,2003-06-14,2003-06-16
538,2003-06-14,2003-06-14
537,2003-06-14,2003-06-14
536,2003-06-14,2003-06-14
535,2003-06-14,2003-06-14
534,2003-06-14,2003-06-14
533,2003-06-14,2003-06-17
532,2003-06-14,2003-06-14
531,2003-06-13,2003-06-14
530,2003-06-13,2003-06-15
529,2003-06-13,2003-06-15
528,2003-06-13,2003-06-14
527,2003-06-13,2003-06-13
526,2003-06-13,2003-06-13
525,2003-06-11,2003-06-15
524,2003-06-06,2003-06-06
523,2003-06-05,2003-07-04
522,2003-06-03,2003-06-15
521,2003-06-01,2004-01-17
520,2003-06-01,2003-06-16
519,2003-05-31,2003-08-22
518,2003-05-29,2003-08-12
516,2003-05-28,2003-07-21
515,2003-05-28,2003-06-15
514,2003-05-28,2003-07-13
512,2003-05-27,2003-06-15
510,2003-05-22,2003-06-16
509,2003-05-21,2003-06-15
508,2003-05-21,2003-06-15
506,2003-05-20,2003-06-15
505,2003-05-20,2003-05-26
504,2003-05-20,2003-07-13
503,2003-05-15,2004-04-30
502,2003-05-14,2003-06-15
501,2003-05-13,2003-06-15
500,2003-05-13,2003-06-16
499,2003-05-13,2004-05-20
498,2003-05-13,2003-06-12
497,2003-05-13,2003-05-26
496,2003-05-13,2003-06-15
495,2003-05-13,2003-06-15
494,2003-05-13,2003-06-21
493,2003-05-12,2003-06-15
492,2003-05-11,2003-06-15
490,2003-05-08,2003-11-24
489,2003-05-07,2003-06-16
488,2003-05-07,2003-05-15
487,2003-05-07,2003-06-15
486,2003-05-07,2003-07-05
485,2003-05-05,2003-08-20
484,2003-05-04,2003-09-05
483,2003-05-04,2004-08-12
481,2003-05-01,2003-05-04
480,2003-04-30,2003-05-04
479,2003-04-29,2004-01-17
478,2003-04-29,2004-09-09
477,2003-04-27,2003-04-30
476,2003-04-25,2003-04-30
475,2003-04-25,2003-05-04
474,2003-04-25,2003-04-30
472,2003-04-25,2003-04-30
471,2003-04-23,2003-04-30
470,2003-04-22,2003-04-28
469,2003-04-21,2003-12-01
468,2003-04-21,2003-04-28
467,2003-04-18,2003-04-28
466,2003-04-15,2003-04-30
465,2003-04-15,2003-04-19
464,2003-04-15,2003-05-04
463,2003-04-14,2003-04-15
461,2003-04-09,2003-04-15
460,2003-04-09,2003-04-15
459,2003-04-09,2003-07-05
458,2003-04-08,2003-08-22
456,2003-04-07,2003-09-05
455,2003-04-06,2003-04-15
453,2003-04-04,2003-04-15
452,2003-04-04,2003-04-15
451,2003-04-04,2003-04-04
450,2003-04-03,2003-04-30
449,2003-04-03,2003-08-17
448,2003-04-03,2003-04-15
447,2003-04-03,2003-04-30
446,2003-04-02,2003-04-30
444,2003-04-02,2003-04-28
443,2003-04-01,2003-06-15
442,2003-04-01,2003-04-30
441,2003-04-01,2003-06-15
440,2003-04-01,2003-04-01
439,2003-04-01,2003-11-24
438,2003-03-31,2003-03-31
437,2003-03-31,2003-04-01
436,2003-03-31,2003-12-04
433,2003-03-30,2003-03-31
431,2003-03-30,2003-03-30
430,2003-03-30,2003-12-04
428,2003-03-30,2003-03-30
427,2003-03-30,2003-03-31
426,2003-03-30,2003-03-31
425,2003-03-30,2003-06-21
423,2003-03-30,2003-04-01
422,2003-03-30,2003-03-31
421,2003-03-30,2005-04-26
420,2003-03-30,2005-04-26
419,2003-03-30,2003-03-31
418,2003-03-30,2003-03-31
417,2003-03-30,2003-11-29
416,2003-03-30,2004-06-14
415,2003-03-28,2003-03-31
414,2003-03-27,2003-03-31
413,2003-03-27,2003-03-30
412,2003-03-25,2003-03-31
410,2003-03-23,2003-03-30
408,2003-03-22,2003-04-15
406,2003-03-21,2003-03-31
404,2003-03-20,2003-04-01
399,2003-03-16,2003-03-22
398,2003-03-15,2003-05-01
397,2003-03-15,2003-03-17
396,2003-03-13,2003-03-14
395,2003-03-13,2003-03-14
394,2003-03-13,2003-03-14
393,2003-03-12,2003-03-15
391,2003-03-10,2003-03-13
389,2003-03-04,2004-06-14
388,2003-03-04,2003-03-05
387,2003-03-03,2003-03-05
386,2003-03-03,2003-03-13
384,2003-03-03,2003-03-05
382,2003-03-02,2003-03-31
381,2003-03-02,2003-06-15
379,2003-03-01,2003-03-14
378,2003-02-25,2003-02-25
377,2003-02-25,2003-03-13
376,2003-02-25,2003-03-13
375,2003-02-25,2003-03-03
374,2003-02-25,2003-02-26
373,2003-02-24,2003-03-15
372,2003-02-24,2003-03-14
371,2003-02-24,2003-02-26
370,2003-02-24,2003-02-26
369,2003-02-24,2003-02-25
368,2003-02-24,2003-03-05
367,2003-02-24,2003-02-25
366,2003-02-24,2003-03-15
365,2003-02-23,2003-03-15
364,2003-02-23,2004-06-10
363,2003-02-23,2003-03-15
362,2003-02-23,2003-03-15
360,2003-02-22,2003-03-15
357,2003-02-20,2003-03-18
356,2003-02-19,2003-02-19
354,2003-02-18,2003-02-19
353,2003-02-17,2003-02-18
352,2003-02-17,2003-02-18
351,2003-02-17,2003-02-18
350,2003-02-17,2003-02-17
349,2003-02-16,2003-03-18
347,2003-02-15,2003-02-18
345,2003-02-14,2003-02-20
344,2003-02-13,2003-04-28
343,2003-02-13,2003-03-14
342,2003-02-13,2003-03-15
341,2003-02-12,2003-03-18
340,2003-02-12,2003-12-05
339,2003-02-12,2003-03-13
338,2003-02-11,2003-02-18
337,2003-02-11,2003-02-11
336,2003-02-11,2003-02-18
335,2003-02-10,2003-02-13
334,2003-02-10,2003-02-22
333,2003-02-10,2003-02-19
332,2003-02-09,2003-02-20
331,2003-02-09,2003-02-19
330,2003-02-08,2003-05-04
329,2003-02-08,2003-02-11
328,2003-02-07,2003-02-19
327,2003-02-07,2003-02-14
326,2003-02-07,2003-02-13
325,2003-02-06,2003-02-18
324,2003-02-05,2003-02-20
323,2003-02-05,2003-02-13
322,2003-02-04,2003-02-20
320,2003-02-04,2003-02-06
318,2003-02-03,2005-12-08
317,2003-02-03,2003-12-06
314,2003-01-30,2003-02-18
313,2003-01-29,2004-01-05
308,2003-01-26,2003-01-29
307,2003-01-25,2003-02-17
306,2003-01-25,2003-01-25
305,2003-01-24,2003-01-25
304,2003-01-24,2003-01-25
303,2003-01-24,2003-01-25
302,2003-01-24,2003-01-26
301,2003-01-24,2003-02-22
300,2003-01-23,2003-01-28
299,2003-01-23,2003-01-26
298,2003-01-23,2003-01-25
297,2003-01-22,2003-01-27
296,2003-01-22,2003-12-05
295,2003-01-22,2003-02-13
292,2003-01-22,2003-01-26
291,2003-01-22,2003-01-26
290,2003-01-22,2003-01-26
285,2003-01-19,2003-03-14
284,2003-01-19,2003-04-01
283,2003-01-19,2003-01-21
282,2003-01-19,2003-02-18
280,2003-01-17,2003-02-20
279,2003-01-17,2003-01-17
278,2003-01-17,2003-01-18
277,2003-01-15,2003-01-16
276,2003-01-14,2003-01-14
274,2003-01-13,2003-01-27
273,2003-01-13,2003-01-13
272,2003-01-12,2003-01-14
269,2003-01-04,2003-01-10
268,2003-01-04,2003-01-19
267,2003-01-04,2003-01-17
266,2003-01-04,2003-01-23
265,2003-01-03,2003-01-04
264,2003-01-02,2003-06-15
262,2003-01-02,2003-01-03
261,2003-01-01,2003-01-26
259,2003-01-01,2003-01-04
257,2002-12-30,2003-01-02
256,2002-12-28,2002-12-31
255,2002-12-28,2002-12-31
254,2002-12-27,2003-01-01
253,2002-12-27,2003-01-01
252,2002-12-27,2002-12-27
250,2002-12-25,2003-01-18
249,2002-12-22,2003-01-04
248,2002-12-22,2003-01-18
247,2002-12-20,2003-01-04
245,2002-12-20,2002-12-31
244,2002-12-20,2002-12-31
243,2002-12-20,2003-01-14
242,2002-12-20,2003-01-10
241,2002-12-20,2003-01-10
240,2002-12-20,2003-01-02
239,2002-12-20,2003-02-18
237,2002-12-20,2003-06-15
236,2002-12-20,2002-12-31
235,2002-12-20,2004-01-05
233,2002-12-20,2003-01-16
232,2002-12-20,2002-12-31
229,2002-12-14,2003-01-03
228,2002-12-13,2002-12-31
227,2002-12-13,2002-12-27
226,2002-12-04,2002-12-05
225,2002-12-01,2002-12-05
224,2002-11-29,2002-12-05
223,2002-11-29,2002-12-12
222,2002-11-29,2002-12-06
221,2002-11-28,2003-02-18
219,2002-11-20,2003-09-05
217,2002-11-18,2002-12-04
215,2002-11-17,2002-11-18
214,2002-11-17,2002-11-18
212,2002-11-15,2002-12-04
211,2002-11-13,2003-01-11
209,2002-11-10,2002-11-12
208,2002-11-07,2002-11-08
206,2002-10-25,2002-11-07
205,2002-10-21,2002-11-03
204,2002-10-17,2002-10-28
200,2002-10-07,2002-10-10
199,2002-10-06,2002-10-08
197,2002-10-01,2002-11-07
196,2002-09-30,2002-10-01
195,2002-09-27,2002-09-27
194,2002-09-26,2002-11-18
193,2002-09-26,2002-09-26
192,2002-09-23,2002-12-05
191,2002-09-23,2004-08-22
190,2002-09-23,2002-10-08
189,2002-09-21,2002-10-28
188,2002-09-18,2002-09-26
187,2002-09-17,2002-09-26
186,2002-09-16,2002-09-26
185,2002-09-16,2002-09-16
184,2002-09-16,2003-02-26
183,2002-09-16,2002-09-16
182,2002-09-13,2002-09-14
181,2002-09-13,2002-09-14
180,2002-09-11,2002-09-14
179,2002-09-10,2002-09-13
178,2002-09-04,2002-09-06
177,2002-09-03,2002-09-06
176,2002-09-02,2003-01-19
174,2002-08-27,2002-09-02
172,2002-08-24,2002-08-24
171,2002-08-21,2004-01-17
170,2002-08-20,2002-08-24
169,2002-08-20,2002-12-04
167,2002-08-14,2002-08-15
166,2002-08-11,2002-08-11
165,2002-08-09,2002-08-11
164,2002-08-05,2002-08-10
161,2002-08-01,2002-08-01
160,2002-08-01,2003-03-22
158,2002-07-31,2002-09-15
157,2002-07-31,2002-09-01
156,2002-07-31,2002-08-05
154,2002-07-26,2002-09-01
153,2002-07-26,2002-08-11
152,2002-07-19,2002-07-27
151,2002-07-18,2003-12-04
149,2002-07-18,2002-07-18
145,2002-07-11,2002-07-27
144,2002-07-11,2002-07-13
143,2002-07-11,2002-07-13
142,2002-07-07,2002-08-10
141,2002-07-06,2002-08-12
138,2002-07-04,2002-07-05
137,2002-07-03,2002-07-04
136,2002-07-03,2002-07-05
135,2002-06-30,2002-07-06
134,2002-06-30,2002-07-01
133,2002-06-30,2002-07-01
132,2002-06-28,2002-06-30
130,2002-06-25,2002-06-25
129,2002-06-24,2002-06-25
128,2002-06-24,2002-06-24
126,2002-06-24,2002-06-25
125,2002-06-24,2002-06-25
124,2002-06-24,2002-06-25
123,2002-06-24,2002-08-25
122,2002-06-18,2002-06-19
121,2002-06-17,2002-06-26
120,2002-06-17,2002-06-26
119,2002-06-17,2002-06-26
118,2002-06-13,2002-06-13
117,2002-06-11,2002-06-13
115,2002-06-09,2002-06-15
112,2002-06-04,2002-06-08
111,2002-06-04,2002-06-07
110,2002-06-03,2002-06-08
109,2002-06-03,2002-06-14
108,2002-06-02,2002-06-09
106,2002-05-25,2002-05-28
105,2002-05-24,2003-07-13
104,2002-05-23,2002-05-23
103,2002-05-23,2002-05-23
102,2002-05-20,2002-05-22
101,2002-05-08,2002-05-24
100,2002-05-08,2002-05-10
99,2002-05-02,2002-05-04
98,2002-05-01,2002-05-25
97,2002-04-30,2002-05-01
96,2002-04-26,2002-05-04
95,2002-04-22,2002-04-23
94,2002-04-16,2002-04-23
93,2002-04-16,2002-04-16
92,2002-04-14,2002-04-17
91,2002-04-13,2002-06-27
90,2002-04-13,2002-04-17
88,2002-04-07,2002-05-29
87,2002-04-02,2002-04-03
86,2002-04-01,2002-04-12
85,2002-04-01,2002-04-13
82,2002-03-18,2002-03-20
81,2002-03-18,2002-03-18
80,2002-03-14,2002-03-18
79,2002-03-14,2002-03-21
78,2002-03-13,2002-03-14
77,2002-03-13,2002-05-24
76,2002-03-12,2002-03-14
75,2002-03-11,2005-12-08
74,2002-03-11,2002-03-11
73,2002-03-10,2002-03-12
72,2002-03-09,2002-03-10
71,2002-03-09,2002-03-09
70,2002-03-09,2002-03-10
69,2002-03-05,2002-03-05
68,2002-03-01,2002-03-19
66,2002-02-24,2002-02-24
64,2002-02-16,2002-02-19
63,2002-02-13,2002-04-13
62,2002-02-13,2002-03-21
61,2002-02-06,2002-03-01
55,2002-01-30,2002-02-04
54,2002-01-28,2002-02-01
53,2002-01-24,2002-01-24
52,2002-01-22,2002-02-04
51,2002-01-10,2002-02-06
50,2002-01-10,2002-02-05
49,2002-01-10,2002-01-18
48,2002-01-09,2002-01-09
47,2002-01-06,2002-01-29
46,2002-01-06,2002-02-05
45,2002-01-05,2002-02-05
44,2002-01-02,2002-01-30
43,2002-01-02,2002-02-07
42,2002-01-02,2002-02-07
40,2001-12-27,2001-12-28
39,2001-12-27,2001-12-29
38,2001-12-15,2001-12-29
37,2001-12-05,2001-12-11
35,2001-12-04,2001-12-05
33,2001-12-03,2001-12-29
32,2001-12-03,2002-03-19
31,2001-12-01,2001-12-02
30,2001-11-29,2001-12-02
28,2001-11-26,2001-12-11
27,2001-11-15,2001-11-16
26,2001-11-13,2001-11-28
25,2001-11-13,2002-02-01
24,2001-11-11,2002-02-16
23,2001-11-08,2001-11-08
21,2001-11-07,2001-11-07
20,2001-11-05,2001-11-05
19,2001-11-04,2001-11-05
18,2001-11-04,2001-11-05
16,2001-11-03,2001-11-05
15,2001-11-01,2001-11-01
14,2001-11-01,2001-11-28
10,2001-10-14,2001-10-23
9,2001-10-02,2001-10-23
8,2001-10-02,2001-11-08
7,2001-10-02,2001-10-22
6,2001-10-02,2001-10-30
5,2001-10-02,2001-10-23
3,2001-10-01,2001-10-10
2,2001-09-28,2001-10-13
1,2001-09-28,2001-10-22
